Idusuarios,Deslogin,Dessenha,Dtcadastro 
19,157deXXT,ppk21,2020-01-07 14:00:15 
5,99predator,6787123,2019-12-24 10:52:10 
13,badboy,23D3332,2020-01-06 04:44:18 
14,badboy,23D3332,2020-01-06 21:49:34 
3,bombhead,123678,2019-12-24 10:28:21 
9,Cyberpunk,6787123,2019-12-24 10:52:11 
6,DnaAngel,enola_Gay,2019-12-24 10:52:11 
12,Jose,123987,2019-12-31 19:34:52 
8,Mane,163637,2019-12-24 10:52:11 
7,PINPIN,6787123,2019-12-24 10:52:11 
15,sex,tictoc,2020-01-06 21:53:12 
16,sex,tictoc,2020-01-07 01:13:48 
10,SexMachine,123678,2019-12-24 10:52:11 
2,SouOtaario,123678,2019-12-24 10:27:56 
18,treta,huehuehues,2020-01-07 01:17:30 
